"","id","gene_short_name","num_cells_expressed","p_value","q_value"
"1","WBGene00001820","ham-1",1618,7.47144623876492e-21,3.73572311938246e-20
"2","WBGene00007058","dmd-6",873,1.18453777922545e-37,7.10722667535268e-37
"3","WBGene00001961","hlh-17",51,5.2167961630389e-06,1.04335923260778e-05
"4","WBGene00003605","nhr-6",133,0.00594883637080634,0.00594883637080634
"5","WBGene00000457","ceh-36",1123,1.55647529570371e-10,6.22590118281485e-10
"6","WBGene00000483","che-1",292,1.6860521823936e-06,5.05815654718081e-06
