"","id","gene_short_name","num_cells_expressed","status","null_deviance","df_null","logLik","AIC","BIC","deviance","df_residual"
"1","WBGene00001820","ham-1",1618,"OK",13655.7654578325,6187,NA,NA,NA,11893.0882454786,6180
"2","WBGene00007058","dmd-6",873,"OK",7030.86130128015,6187,NA,NA,NA,4718.1063335795,6180
"3","WBGene00001961","hlh-17",51,"OK",883.667871513098,6187,NA,NA,NA,792.617506155167,6180
"4","WBGene00003605","nhr-6",133,"OK",1800.16220335684,6187,NA,NA,NA,1593.59947339399,6180
"5","WBGene00000457","ceh-36",1123,"OK",17125.8121504849,6187,NA,NA,NA,16048.5463210961,6180
"6","WBGene00000483","che-1",292,"OK",7024.02456305247,6187,NA,NA,NA,6639.71745553004,6180
